{
  "baseline": {
    "mean_reward": -968.6569000000006,
    "std_reward": 137.7650884601763,
    "avg_waiting_time": 490.1025000000001,
    "avg_queue_length": 22.326944444444443,
    "throughput": 499.0
  },
  "rl_agent": {
    "mean_reward": -20.66070000000001,
    "std_reward": 0.9693028216197421,
    "mean_length": 720.0,
    "episodes": 5,
    "avg_waiting_time": 10.173055555555555,
    "avg_queue_length": 2.5030555555555556,
    "avg_throughput": 423.2,
    "throughput": 423.2
  },
  "comparison": {
    "avg_waiting_time": {
      "baseline": 490.1025000000001,
      "rl_agent": 10.173055555555555,
      "change_pct": -97.92
    },
    "avg_queue_length": {
      "baseline": 22.326944444444443,
      "rl_agent": 2.5030555555555556,
      "change_pct": -88.79
    },
    "throughput": {
      "baseline": 499.0,
      "rl_agent": 423.2,
      "change_pct": -15.19
    }
  }
}