seed,run_name,model_path,mean_reward,std_reward,avg_waiting_time,avg_queue_length,avg_throughput,loss_mean,loss_std,epsilon_final,loss_nan
42,d3qn_20260411_200143,C:\Users\Asus\OneDrive\Desktop\projects\urban congestion\models\d3qn_20260411_200143\best\best_model.pt,-20.440500000000007,3.216153758762158,10.023611111111112,2.4847222222222225,416.8,0.0026319797147047372,0.0015109257403759342,0.05,False
123,d3qn_20260411_200829,C:\Users\Asus\OneDrive\Desktop\projects\urban congestion\models\d3qn_20260411_200829\best\best_model.pt,-19.600900000000017,1.9181268310515815,9.689166666666667,2.460277777777778,423.4,0.0018862316067027498,0.0009528613972745726,0.05,False
999,d3qn_20260411_201510,C:\Users\Asus\OneDrive\Desktop\projects\urban congestion\models\d3qn_20260411_201510\best\best_model.pt,-20.66070000000001,0.9693028216197421,10.173055555555555,2.5030555555555556,423.2,0.004092926411756,0.0030698524395854783,0.05,False
