{
  "baseline": {
    "mean_reward": -1152.6245999999999,
    "std_reward": 365.3993763600862,
    "avg_waiting_time": 582.6116666666667,
    "avg_queue_length": 26.356388888888887,
    "throughput": 496.8
  },
  "rl_agent": {
    "mean_reward": -19.50910000000001,
    "std_reward": 1.3530484987612166,
    "mean_length": 720.0,
    "episodes": 5,
    "avg_waiting_time": 9.648611111111112,
    "avg_queue_length": 2.4605555555555556,
    "avg_throughput": 424.4
  },
  "comparison": {
    "avg_waiting_time": {
      "baseline": 582.6116666666667,
      "rl_agent": 9.648611111111112,
      "change_pct": -98.34
    },
    "avg_queue_length": {
      "baseline": 26.356388888888887,
      "rl_agent": 2.4605555555555556,
      "change_pct": -90.66
    },
    "throughput": {
      "baseline": 496.8,
      "rl_agent": 424.4,
      "change_pct": -14.57
    }
  }
}