{
  "baseline": {
    "mean_reward": -1069.1651000000004,
    "std_reward": 355.22610410686343,
    "avg_waiting_time": 540.3597222222222,
    "avg_queue_length": 24.599444444444444,
    "throughput": 487.6
  },
  "rl_agent": {
    "mean_reward": -20.440500000000007,
    "std_reward": 3.216153758762158,
    "mean_length": 720.0,
    "episodes": 5,
    "avg_waiting_time": 10.023611111111112,
    "avg_queue_length": 2.4847222222222225,
    "avg_throughput": 416.8,
    "throughput": 416.8
  },
  "comparison": {
    "avg_waiting_time": {
      "baseline": 540.3597222222222,
      "rl_agent": 10.023611111111112,
      "change_pct": -98.15
    },
    "avg_queue_length": {
      "baseline": 24.599444444444444,
      "rl_agent": 2.4847222222222225,
      "change_pct": -89.9
    },
    "throughput": {
      "baseline": 487.6,
      "rl_agent": 416.8,
      "change_pct": -14.52
    }
  }
}