environment,agent,mean_reward,avg_waiting_time,avg_queue_length,reward_variance,reward_std,stability,td_loss_variance,spillback_rate,time_per_step_s,total_training_time_s,convergence_step,graph_enabled
multi_agent,d3qn,-8.113645833333338,29.65277777777778,1.5159722222222223,0.04471462673610941,0.2114583333333293,0.8254514187446287,,0.0,0.9000006314999973,180.00012629999947,,False
multi_agent,graph_d3qn,-0.023020833333333317,0.20694444444444443,0.08472222222222223,0.0001085069444444444,0.010416666666666664,0.9896907216494845,,0.0,0.830148897500003,166.0297795000006,,True
single_intersection,d3qn,-1151.8379999999995,581.8805555555555,26.50069444444444,15630.250440999876,125.0209999999995,0.007935185405607033,,1.0,0.1531611369999996,30.63222739999992,,False
