{
  "created_at_utc": "2026-04-11T16:46:40.755727+00:00",
  "status": "ok",
  "meta": {
    "timestamp": "20260411_211522",
    "seed": 42,
    "timesteps": 800,
    "eval_freq": 400,
    "eval_episodes": 1,
    "device": "cuda",
    "gpu_name": "NVIDIA GeForce RTX 2050",
    "gpu_memory_gb": 3.99951171875,
    "deterministic": true
  },
  "baseline": {
    "mean_reward": -8.354531249999994,
    "avg_waiting_time": 30.51736111111111,
    "avg_queue_length": 1.5458333333333334,
    "reward_variance": 0.0006593126085069767,
    "reward_std": 0.02567708333333396,
    "stability": 0.9749657238612699,
    "td_loss_variance": null,
    "spillback_rate": 0.0,
    "time_per_step_s": 0.08737731262499437,
    "total_training_time_s": 69.9018500999955,
    "convergence_step": null,
    "graph_enabled": false
  },
  "graph": {
    "mean_reward": -0.04421874999999999,
    "avg_waiting_time": 0.19375,
    "avg_queue_length": 0.07916666666666666,
    "reward_variance": 0.00026237250434027796,
    "reward_std": 0.016197916666666673,
    "stability": 0.9840602736917637,
    "td_loss_variance": null,
    "spillback_rate": 0.0,
    "time_per_step_s": 0.10560002012500264,
    "total_training_time_s": 84.4800161000021,
    "convergence_step": null,
    "graph_enabled": true
  },
  "comparison": {
    "waiting_time_improve_pct": 99.36511548526566,
    "queue_length_improve_pct": 94.87870619946092,
    "reward_improve_pct": 99.47072135255942,
    "stability_improve_pct": 0.9328071344370596,
    "spillback_improve_pct": 0.0
  },
  "recommendation": {
    "promote_graph": true
  }
}